{"construction": [{"Delta": 0.0, "F": 0.0, "fixed": true}, {"UL": 0.0, "E": 1.0, "K": "Matrix([[1.50000000000000, -1.50000000000000], [-1.50000000000000, 1.50000000000000]])", "L": 2.0, "A": 3.0, "U0": 0.0, "Q": "Matrix([[-2.00000000000000], [-2.00000000000000]])", "q": 2.0, "Sigma": 2.0}, {"Delta": 0.0, "F": 1.0, "fixed": true}], "default": {"bar": {"A": 1.0, "Sigma": 2.0, "q": 1.0, "E": 1.0, "L": 3.0}, "node": {"F": 1.0, "fixed": true}}, "b": "Matrix([[0], [0]])", "A": "Matrix([[1.00000000000000, 0], [0, 1.00000000000000]])"}